model_name,mae,rmse,r2_score,is_best
Ridge,874.8445843314312,994.2533116628598,0.089794505466678,False
RandomForest,288.21493999999996,361.1163053906594,0.8799286047262873,False
GradientBoosting,277.13708048115626,341.6491801697401,0.8925253285272873,True
